{
  "activity_person": {
    "primaryKey": {
      "id": "id",
      "clientId": "'6045b8e82d8ec86e9263ae14'"
    },
    "data": {
      "id": "id",
      "clientId": "'6045b8e82d8ec86e9263ae14'",
      "activitymanager_id": "activitymanager_id",
      "oldperson_id": "oldperson_id",
      "say": "say",
      "institution_id": "institution_id",
      "delflag": "delflag",
      "create_time": "create_time",
      "update_time": "update_time",
      "state": "state",
      "rolec": "rolec",
      "sign_before": "sign_before",
      "sign_after": "sign_after",
      "regist_type": "regist_type",
      "volunteer_id": "volunteer_id",
      "point_status": "point_status",
      "state_change": "state_change"
    },
    "targetDatabase": "civil_admin_aq"
  }
}