{
  "agency_reports": {
    "primaryKey": {
      "id": "id",
      "clientId": "'6045b8e82d8ec86e9263ae14'"
    },
    "data": {
      "id": "id",
      "clientId": "'6045b8e82d8ec86e9263ae14'",
      "year": "year",
      "institution_name": "institution_name",
      "institution_phone": "institution_phone",
      "institution_number": "institution_number",
      "region_code": "region_code",
      "institution_id": "institution_id",
      "delflag": "delflag",
      "is_submit": "is_submit",
      "zip_code": "zip_code",
      "service_range": "service_range",
      "principal": "principal",
      "principal_phone": "principal_phone",
      "legal_representative": "legal_representative",
      "legal_representative_phone": "legal_representative_phone",
      "institution_type": "institution_type",
      "certificate_number": "certificate_number",
      "institution_nature": "institution_nature",
      "operate_way": "operate_way",
      "host_department": "host_department",
      "start_business_time": "start_business_time",
      "legal_representative_number": "legal_representative_number",
      "house_nature": "house_nature",
      "is_fire_check": "is_fire_check",
      "hygienic_license": "hygienic_license",
      "bank_account": "bank_account",
      "standard_bill": "standard_bill",
      "address": "address",
      "pos_logt": "pos_logt",
      "pos_lat": "pos_lat",
      "service_object_home": "service_object_home",
      "doctor_house": "doctor_house",
      "is_independent_totile": "is_independent_totile",
      "single_bed_area": "single_bed_area",
      "activity_area": "activity_area",
      "recovery_area": "recovery_area",
      "logistics_area": "logistics_area",
      "mess_area": "mess_area",
      "work_area": "work_area",
      "outdoor_area": "outdoor_area",
      "build_area": "build_area",
      "cover_area": "cover_area",
      "floor": "floor",
      "elevator": "elevator",
      "assets": "assets",
      "activity_assets": "activity_assets",
      "revenue": "revenue",
      "spending": "spending",
      "capital": "capital",
      "staff": "staff",
      "people": "people",
      "administrativer": "administrativer",
      "medical": "medical",
      "nursing": "nursing",
      "logistics": "logistics",
      "others": "others",
      "older": "older",
      "self_older": "self_older",
      "mobility_older": "mobility_older",
      "armor_older": "armor_older",
      "other_older": "other_older",
      "beds": "beds",
      "self_beds": "self_beds",
      "mobility_beds": "mobility_beds",
      "armor_beds": "armor_beds",
      "other_beds": "other_beds",
      "parent_id": "parent_id",
      "create_time": "create_time",
      "update_time": "update_time"
    },
    "targetDatabase": "civil_admin_aq"
  }
}