{
  "assets_info": {
    "primaryKey": {
      "id": "id",
      "clientId": "'6045b8e82d8ec86e9263ae14'"
    },
    "data": {
      "id": "id",
      "clientId": "'6045b8e82d8ec86e9263ae14'",
      "name": "name",
      "material_type_id": "material_type_id",
      "code": "code",
      "no": "no",
      "specification": "specification",
      "manufacturer": "manufacturer",
      "memo": "memo",
      "original_cost": "original_cost",
      "estimated_value": "estimated_value",
      "assets_model": "assets_model",
      "quantity": "quantity",
      "brand": "brand",
      "production_date": "production_date",
      "commissioning_date": "commissioning_date",
      "warranty_way": "warranty_way",
      "warranty_expires": "warranty_expires",
      "is_lease": "is_lease",
      "is_charge": "is_charge",
      "configuration": "configuration",
      "remark": "remark",
      "state": "state",
      "use_info_id": "use_info_id",
      "use_id": "use_id",
      "department_duty_id": "department_duty_id",
      "use_position": "use_position",
      "use_date": "use_date",
      "bar_code": "bar_code",
      "creater_id": "creater_id",
      "group_id": "group_id",
      "institution_id": "institution_id",
      "delflag": "delflag",
      "create_time": "create_time",
      "update_time": "update_time",
      "date_source": "date_source",
      "xbx_id": "xbx_id",
      "room_id": "room_id",
      "is_test": "is_test",
      "electric_tag": "electric_tag",
      "accordance_with": "accordance_with",
      "type": "type",
      "tester": "tester",
      "license_no": "license_no",
      "test_date": "test_date",
      "retest_date": "retest_date",
      "next_test_date": "next_test_date",
      "entry_service_date": "entry_service_date",
      "is_need_security_inspect": "is_need_security_inspect",
      "card_flag": "card_flag",
      "card_no": "card_no",
      "qrcode_url": "qrcode_url",
      "depreciate_rate": "depreciate_rate"
    },
    "targetDatabase": "civil_admin_aq"
  }
}