{
  "bed": {
    "primaryKey": {
      "id": "id",
      "clientId": "'6045b8e82d8ec86e9263ae14'"
    },
    "data": {
      "id": "id",
      "clientId": "'6045b8e82d8ec86e9263ae14'",
      "name": "name",
      "full_name": "full_name",
      "orientation": "orientation",
      "nursing_type": "nursing_type",
      "building_id": "building_id",
      "floor_id": "floor_id",
      "room_id": "room_id",
      "institution_id": "institution_id",
      "delflag": "delflag",
      "create_time": "create_time",
      "update_time": "update_time",
      "person_id": "person_id",
      "date_source": "date_source",
      "xbx_id": "xbx_id",
      "bed_code": "bed_code",
      "nurse_bed": "nurse_bed",
      "bed_kind": "bed_kind",
      "bed_type": "bed_type"
    },
    "targetDatabase": "civil_admin_aq"
  }
}