{
  "build_situation_info": {
    "primaryKey": {
      "id": "id",
      "client_id": "'6045b8e82d8ec86e9263ae14'"
    },
    "data": {
      "id": "id",
      "client_id": "'6045b8e82d8ec86e9263ae14'",
      "institution_name": "institution_name",
      "institution_id": "institution_id",
      "institution_address": "institution_address",
      "institution_area": "institution_area",
      "establish": "establish",
      "bed_num": "bed_num",
      "bring_operate": "bring_operate",
      "serve_num": "serve_num",
      "in_older_num": "in_older_num",
      "ins_type": "ins_type",
      "doctor_certificate_num": "doctor_certificate_num",
      "nurse_certificate_num": "nurse_certificate_num",
      "medical_operate": "medical_operate",
      "eat_area": "eat_area",
      "eat_operate": "eat_operate",
      "cook_certificate_num": "cook_certificate_num",
      "logistics_certificate_num": "logistics_certificate_num",
      "eat_day_num": "eat_day_num",
      "nurs_total_num": "nurs_total_num",
      "home_visit_num": "home_visit_num",
      "sign_t_num": "sign_t_num",
      "sign_f_num": "sign_f_num",
      "intention_num": "intention_num",
      "sign_oneself_num": "sign_oneself_num",
      "operat_subsidy_o": "operat_subsidy_o",
      "operat_subsidy_t": "operat_subsidy_t",
      "operat_subsidy_s": "operat_subsidy_s",
      "sign_assessment_0": "sign_assessment_0",
      "sign_assessment_1": "sign_assessment_1",
      "sign_assessment_2": "sign_assessment_2",
      "sign_assessment_3": "sign_assessment_3",
      "sign_assessment_4": "sign_assessment_4",
      "sign_assessment_5": "sign_assessment_5",
      "difficulty_home_num": "difficulty_home_num",
      "ordinary_home_num": "ordinary_home_num",
      "organization_name": "organization_name",
      "organization_num": "organization_num",
      "leading_name": "leading_name",
      "leading_phone": "leading_phone",
      "remake": "remake",
      "year": "year",
      "delflag": "delflag",
      "region_code": "region_code",
      "create_time": "create_time",
      "update_time": "update_time"
    },
    "targetDatabase": "civil_admin_aq"
  }
}