{
  "card": {
    "primaryKey": {
      "id": "id",
      "clientId": "'6045b8e82d8ec86e9263ae14'"
    },
    "data": {
      "id": "id",
      "clientId": "'6045b8e82d8ec86e9263ae14'",
      "old_person_id": "old_person_id",
      "card_type_id": "card_type_id",
      "card_no": "card_no",
      "cash_pledge": "cash_pledge",
      "state": "state",
      "delflag": "delflag",
      "create_time": "create_time",
      "update_time": "update_time",
      "institution_id": "institution_id",
      "date_source": "date_source",
      "xbx_id": "xbx_id"
    },
    "targetDatabase": "civil_admin_aq"
  }
}