{
  "mz_department": {
    "primaryKey": {
      "id": "id",
      "client_id": "'6045b8e82d8ec86e9263ae14'"
    },
    "data": {
      "id": "id",
      "client_id": "'6045b8e82d8ec86e9263ae14'",
      "name": "name",
      "leader": "leader",
      "leader_phone": "leader_phone",
      "address": "address",
      "sorting": "sorting",
      "parent_id": "parent_id",
      "fullName": "fullName",
      "institution_id": "institution_id",
      "levelWay": "levelWay",
      "delflag": "delflag",
      "create_time": "create_time",
      "update_time": "update_time",
      "date_source": "date_source",
      "xbx_id": "xbx_id"
    },
    "targetDatabase": "civil_admin_aq"
  }
}