{
  "detection_record": {
    "primaryKey": {
      "id": "id",
      "client_id": "'6045b8e82d8ec86e9263ae14'"
    },
    "data": {
      "id": "id",
      "client_id": "'6045b8e82d8ec86e9263ae14'",
      "pe_id": "pe_id",
      "detection_id": "detection_id",
      "name": "name",
      "identity": "identity",
      "age": "age",
      "type": "type",
      "decet_time": "decet_time",
      "real_time": "real_time",
      "result_type": "result_type",
      "remark": "remark",
      "job_title": "job_title",
      "person_type": "person_type",
      "state": "state",
      "delflag": "delflag",
      "is_doubt": "is_doubt",
      "test_address": "test_address",
      "gender": "gender",
      "institution_id": "institution_id",
      "institution_name": "institution_name",
      "institution_type": "institution_type",
      "institution_region_code": "institution_region_code",
      "is_new": "is_new",
      "create_time": "create_time",
      "update_time": "update_time",
      "cycle": "cycle",
      "detection_accessory": "detection_accessory"
    },
    "targetDatabase": "civil_admin_aq"
  }
}