{
  "device": {
    "primaryKey": {
      "id": "id",
      "client_id": "'6045b8e82d8ec86e9263ae14'"
    },
    "data": {
      "id": "id",
      "client_id": "'6045b8e82d8ec86e9263ae14'",
      "name": "name",
      "code": "code",
      "basic_id": "basic_id",
      "institution_id": "institution_id",
      "room_id": "room_id",
      "person_id": "person_id",
      "phone": "phone",
      "device_type": "device_type",
      "type": "type",
      "wifi_status": "wifi_status",
      "tel_status": "tel_status",
      "last_time": "last_time",
      "last_send_time": "last_send_time",
      "rule_data": "rule_data",
      "push_num": "push_num",
      "delflag": "delflag",
      "create_time": "create_time",
      "update_time": "update_time"
    },
    "targetDatabase": "civil_admin_aq"
  }
}