{
  "device_menu": {
    "primaryKey": {
      "id": "id",
      "clientId": "'6045b8e82d8ec86e9263ae14'"
    },
    "data": {
      "id": "id",
      "clientId": "'6045b8e82d8ec86e9263ae14'",
      "code": "code",
      "project_id": "project_id",
      "project_name": "project_name",
      "price": "price",
      "device_id": "device_id",
      "institution_id": "institution_id",
      "delflag": "delflag",
      "create_time": "create_time",
      "update_time": "update_time",
      "is_suc": "is_suc"
    },
    "targetDatabase": "civil_admin_aq"
  }
}