{
  "elder_family": {
    "primaryKey": {
      "id": "id",
      "clientId": "'6045b8e82d8ec86e9263ae14'"
    },
    "data": {
      "id": "id",
      "clientId": "'6045b8e82d8ec86e9263ae14'",
      "name": "name",
      "phone": "phone",
      "identity": "identity",
      "address": "address",
      "relations": "relations",
      "person_id": "person_id",
      "is_consultant": "is_consultant",
      "consultant_time": "consultant_time",
      "consultant_way": "consultant_way",
      "media_channel": "media_channel",
      "consultant_type": "consultant_type",
      "delflag": "delflag",
      "create_time": "create_time",
      "update_time": "update_time",
      "is_appointment": "is_appointment",
      "institution_id": "institution_id",
      "is_guardian": "is_guardian",
      "date_source": "date_source",
      "xbx_id": "xbx_id",
      "job": "job"
    },
    "targetDatabase": "civil_admin_aq"
  }
}