{
  "employee": {
    "primaryKey": {
      "id": "id",
      "clientId": "'6045b8e82d8ec86e9263ae14'"
    },
    "data": {
      "id": "id",
      "clientId": "'6045b8e82d8ec86e9263ae14'",
      "code": "code",
      "name": "name",
      "gender": "gender",
      "age": "age",
      "identity": "identity",
      "identity_type": "identity_type",
      "birth_date": "birth_date",
      "nationality": "nationality",
      "marital_status": "marital_status",
      "native_place": "native_place",
      "residence_address": "residence_address",
      "house_address": "house_address",
      "phone": "phone",
      "urgency_phone": "urgency_phone",
      "type": "type",
      "politics_status": "politics_status",
      "title_level": "title_level",
      "title_name": "title_name",
      "standard_culture": "standard_culture",
      "pay_scope": "pay_scope",
      "other_treatment": "other_treatment",
      "contract_type": "contract_type",
      "contract_number": "contract_number",
      "contract_start_time": "contract_start_time",
      "contract_end_time": "contract_end_time",
      "entry_time": "entry_time",
      "belongto": "belongto",
      "contract_pic_belongto": "contract_pic_belongto",
      "institution_id": "institution_id",
      "open_id": "open_id",
      "delflag": "delflag",
      "department_duty_id": "department_duty_id",
      "create_time": "create_time",
      "update_time": "update_time",
      "common_menu": "common_menu",
      "statue": "statue",
      "dimission_date": "dimission_date",
      "has_account": "has_account",
      "residence_region_code": "residence_region_code",
      "is_lock": "is_lock",
      "house_region_code": "house_region_code",
      "emp_card_no": "emp_card_no",
      "region_code": "region_code",
      "leader_type": "leader_type",
      "date_source": "date_source",
      "xbx_id": "xbx_id",
      "is_mz": "is_mz",
      "pos_lat": "pos_lat",
      "index_data": "index_data",
      "identity_accessory": "identity_accessory",
      "education_accessory": "education_accessory",
      "compact_accessory": "compact_accessory",
      "insurance_accessory": "insurance_accessory",
      "other_accessory": "other_accessory",
      "nurselev_number": "nurselev_number",
      "memo": "memo",
      "registerId": "registerId",
      "license_no": "license_no",
      "pos_logt": "pos_logt",
      "hospital_depart_id": "hospital_depart_id",
      "ward_ids": "ward_ids",
      "is_medical_power": "is_medical_power",
      "source": "source",
      "role_code": "role_code",
      "bank_account": "bank_account",
      "work_year": "work_year",
      "subsidy_count": "subsidy_count",
      "is_improve": "is_improve",
      "wechat_qrcode": "wechat_qrcode",
      "union_id": "union_id",
      "wxopen_id": "wxopen_id",
      "last_login_time": "last_login_time",
      "email": "email",
      "graduation_time": "graduation_time",
      "graduation_school": "graduation_school",
      "cert_date": "cert_date",
      "cert_organ": "cert_organ",
      "cert_info": "cert_info",
      "parent_type": "parent_type"
    },
    "targetDatabase": "civil_admin_aq"
  }
}