{
  "epidemic_detection": {
    "primaryKey": {
      "id": "id",
      "client_id": "'6045b8e82d8ec86e9263ae14'"
    },
    "data": {
      "id": "id",
      "client_id": "'6045b8e82d8ec86e9263ae14'",
      "person_id": "person_id",
      "type": "type",
      "name": "name",
      "gender": "gender",
      "identity": "identity",
      "person_type": "person_type",
      "birthday": "birthday",
      "region_code": "region_code",
      "address": "address",
      "first_time": "first_time",
      "last_time": "last_time",
      "next_time": "next_time",
      "cycle": "cycle",
      "emp_type": "emp_type",
      "type_name": "type_name",
      "institution_id": "institution_id",
      "institution_name": "institution_name",
      "institution_type": "institution_type",
      "institution_region_code": "institution_region_code",
      "is_doubt": "is_doubt",
      "delflag": "delflag",
      "create_time": "create_time",
      "update_time": "update_time",
      "state": "state",
      "test_address": "test_address",
      "is_stop": "is_stop"
    },
    "targetDatabase": "civil_admin_aq"
  }
}