{
  "home_person_assessment": {
    "primaryKey": {
      "id": "id",
      "client_id": "'6045b8e82d8ec86e9263ae14'"
    },
    "data": {
      "id": "id",
      "client_id": "'6045b8e82d8ec86e9263ae14'",
      "person_bed_id": "person_bed_id",
      "assessment_id": "assessment_id",
      "institution_id": "institution_id",
      "name": "name",
      "type": "type",
      "is_over": "is_over",
      "result": "result",
      "create_time": "create_time",
      "update_time": "update_time",
      "result_level": "result_level"
    },
    "targetDatabase": "civil_admin_aq"
  }
}