{
  "institution": {
    "primaryKey": {
      "id": "id",
      "clientId": "'6045b8e82d8ec86e9263ae14'"
    },
    "data": {
      "id": "id",
      "clientId": "'6045b8e82d8ec86e9263ae14'",
      "institution_name": "institution_name",
      "institution_phone": "institution_phone",
      "institution_number": "institution_number",
      "postcode": "postcode",
      "service_range": "service_range",
      "principal": "principal",
      "principal_phone": "principal_phone",
      "legal_representative": "legal_representative",
      "legal_representative_phone": "legal_representative_phone",
      "institution_type": "institution_type",
      "certificate_number": "certificate_number",
      "certificate_accessory": "certificate_accessory",
      "institution_nature": "institution_nature",
      "operate_way": "operate_way",
      "legal_representative_number": "legal_representative_number",
      "house_nature": "house_nature",
      "is_fire_check": "is_fire_check",
      "fire_check_accessory": "fire_check_accessory",
      "hygienic_license": "hygienic_license",
      "hygienic_accessory": "hygienic_accessory",
      "bank_account": "bank_account",
      "standard_bill": "standard_bill",
      "address": "address",
      "service_object_home": "service_object_home",
      "doctor_house": "doctor_house",
      "is_independent_totile": "is_independent_totile",
      "single_bed_area": "single_bed_area",
      "activity_area": "activity_area",
      "recovery_area": "recovery_area",
      "logistics_area": "logistics_area",
      "mess_area": "mess_area",
      "work_area": "work_area",
      "outdoor_area": "outdoor_area",
      "build_area": "build_area",
      "cover_area": "cover_area",
      "elevator": "elevator",
      "region_code": "region_code",
      "parent_id": "parent_id",
      "level_way": "level_way",
      "delflag": "delflag",
      "menber_grade_ids": "menber_grade_ids",
      "create_time": "create_time",
      "update_time": "update_time",
      "administrative_areas": "administrative_areas",
      "img_url": "img_url",
      "flow_set": "flow_set",
      "month_report_date": "month_report_date",
      "institution_synopsis": "institution_synopsis",
      "bed_number": "bed_number",
      "service_type": "service_type",
      "service_object": "service_object",
      "house_area": "house_area",
      "cost_interval": "cost_interval",
      "bed_cost": "bed_cost",
      "nurse_cost": "nurse_cost",
      "restaurant_cost": "restaurant_cost",
      "is_deposit": "is_deposit",
      "is_medical": "is_medical",
      "own_medical": "own_medical",
      "periphery_medical": "periphery_medical",
      "green_channel": "green_channel",
      "region_Address": "region_Address",
      "statue": "statue",
      "legal_representative_IDcard": "legal_representative_IDcard",
      "logo_url": "logo_url",
      "business_licence_url": "business_licence_url",
      "date_source": "date_source",
      "xbx_id": "xbx_id",
      "services_id": "services_id",
      "id_number": "id_number",
      "merchant_type": "merchant_type",
      "pos_logt": "pos_logt",
      "pos_lat": "pos_lat",
      "is_examine": "is_examine",
      "services_code": "services_code",
      "institutional_details_id": "institutional_details_id",
      "statues": "statues",
      "geo_code": "geo_code",
      "detail_address": "detail_address",
      "out_plan": "out_plan",
      "ins_older_type_str": "ins_older_type_str",
      "index_data": "index_data",
      "full_data_manual": "full_data_manual",
      "start_business_time": "start_business_time",
      "invested_funds": "invested_funds",
      "company_name": "company_name",
      "is_edit": "is_edit",
      "volunteer_audit": "volunteer_audit",
      "is_operate": "is_operate",
      "card_interval_time": "card_interval_time",
      "institution_code": "institution_code",
      "service_region_code": "service_region_code",
      "establish_licence": "establish_licence",
      "establish_accessory": "establish_accessory",
      "establish_time": "establish_time",
      "arrearage": "arrearage",
      "language_type": "language_type",
      "gov_order_over_time": "gov_order_over_time",
      "is_over_distance": "is_over_distance",
      "call_device": "call_device",
      "over_distance": "over_distance",
      "serivice_type_set": "serivice_type_set",
      "return_visit_cycle": "return_visit_cycle",
      "breakfast_time": "breakfast_time",
      "lunch_time": "lunch_time",
      "dinner_time": "dinner_time",
      "bedtime_time": "bedtime_time",
      "last_review_time": "last_review_time",
      "is_balance_clear": "is_balance_clear",
      "gt_orang_id": "gt_orang_id",
      "name_en": "name_en",
      "delivery_station": "delivery_station",
      "source": "source",
      "source_state": "source_state",
      "activity_type_set": "activity_type_set",
      "serial_number": "serial_number",
      "is_place_independent": "is_place_independent",
      "is_center_multiple_site": "is_center_multiple_site",
      "is_set_old_school": "is_set_old_school",
      "is_set_old_course": "is_set_old_course",
      "old_course_detail": "old_course_detail",
      "care_detail": "care_detail",
      "ins_type": "ins_type",
      "check_bed_num": "check_bed_num",
      "special_equipment": "special_equipment",
      "special_equipment_accessory": "special_equipment_accessory",
      "small_menumage": "small_menumage",
      "cms_model": "cms_model",
      "cms_logo": "cms_logo",
      "cms_qrcode": "cms_qrcode",
      "cms_domain": "cms_domain",
      "cms_icp": "cms_icp",
      "org_image": "org_image",
      "total_bed": "total_bed",
      "is_change": "is_change",
      "detail_type": "detail_type",
      "is_medication": "is_medication",
      "is_care": "is_care",
      "is_record": "is_record",
      "principal_gender": "principal_gender",
      "principal_age": "principal_age",
      "principal_standard_culture": "principal_standard_culture",
      "stop_service_time": "stop_service_time",
      "stop_reason": "stop_reason",
      "stop_flag": "stop_flag",
      "service_year_timer": "service_year_timer"
    },
    "targetDatabase": "civil_admin_aq"
  }
}