{
  "institution_plus_st": {
    "primaryKey": {
      "id": "id",
      "client_id": "'6045b8e82d8ec86e9263ae14'"
    },
    "data": {
      "id": "id",
      "client_id": "'6045b8e82d8ec86e9263ae14'",
      "institution_id": "institution_id",
      "unified_credit_code": "unified_credit_code",
      "registration_authority": "registration_authority",
      "registration_authority_region": "registration_authority_region",
      "promise_book": "promise_book",
      "record_promise_book": "record_promise_book",
      "institution_category": "institution_category",
      "legal_person_nature": "legal_person_nature",
      "land_cost": "land_cost",
      "capital_cost": "capital_cost",
      "trim_cost": "trim_cost",
      "other_cost": "other_cost",
      "institution_state": "institution_state",
      "institution_state_time": "institution_state_time",
      "is_medical": "is_medical",
      "is_insure": "is_insure",
      "medical_organ_no": "medical_organ_no",
      "medical_insurance_no": "medical_insurance_no",
      "mode_of_medical": "mode_of_medical",
      "medical_service_mode": "medical_service_mode",
      "email": "email",
      "initiating_body": "initiating_body",
      "is_linkage": "is_linkage",
      "operator": "operator",
      "build_situation": "build_situation",
      "check_object_type": "check_object_type",
      "land_type": "land_type",
      "land_no": "land_no",
      "house_cert_no": "house_cert_no",
      "room_num": "room_num",
      "is_firecontrol_room": "is_firecontrol_room",
      "build_type": "build_type",
      "operate_type": "operate_type",
      "institution_staus": "institution_staus",
      "esc_date": "esc_date",
      "esc_reason": "esc_reason",
      "esc_note": "esc_note",
      "reason": "reason",
      "services_type": "services_type",
      "construction_type": "construction_type",
      "daily_services": "daily_services",
      "zzf_room_number": "zzf_room_number",
      "zzf_family_avalible_number": "zzf_family_avalible_number",
      "in_use_room": "in_use_room",
      "cose_standred": "cose_standred",
      "zzf_name": "zzf_name",
      "zzf_phone": "zzf_phone",
      "support_facilities": "support_facilities",
      "occupancy_conditions": "occupancy_conditions",
      "zzf_sam_num": "zzf_sam_num",
      "zzf_fsgy_num": "zzf_fsgy_num",
      "zzf_jdlk_num": "zzf_jdlk_num",
      "zzf_disblity_num": "zzf_disblity_num",
      "zzf_other_num": "zzf_other_num",
      "total_inveset": "total_inveset",
      "rz_initiating_body": "rz_initiating_body",
      "radiation_person_num": "radiation_person_num",
      "rz_build_type": "rz_build_type",
      "sum_person": "sum_person",
      "served_peple_number": "served_peple_number",
      "short_care_people": "short_care_people",
      "subsidy_amount": "subsidy_amount",
      "subsidies_date": "subsidies_date",
      "day_care_num": "day_care_num",
      "agency_type": "agency_type",
      "license_key_time": "license_key_time",
      "assessment_organ_name": "assessment_organ_name",
      "is_medical_ins_license": "is_medical_ins_license",
      "is_medical_permit": "is_medical_permit",
      "is_license_no": "is_license_no",
      "development": "development",
      "position": "position",
      "identity": "identity",
      "server_object_category": "server_object_category",
      "bed_area": "bed_area",
      "house_nature": "house_nature",
      "lease_start_time": "lease_start_time",
      "lease_end_time": "lease_end_time",
      "person_area": "person_area",
      "available_bed_num": "available_bed_num",
      "nursing_bed_num": "nursing_bed_num",
      "server_object_standard": "server_object_standard",
      "photo_one": "photo_one",
      "photo_two": "photo_two",
      "photo_three": "photo_three",
      "photo_four": "photo_four",
      "photo_five": "photo_five",
      "service_scope": "service_scope",
      "ins_type": "ins_type",
      "license_no": "license_no",
      "province_build_subsidy": "province_build_subsidy",
      "city_build_subsidy": "city_build_subsidy",
      "other_build_subsidy": "other_build_subsidy",
      "province_open_subsidy": "province_open_subsidy",
      "city_open_subsidy": "city_open_subsidy",
      "other_open_subsidy": "other_open_subsidy",
      "province_run_subsidy": "province_run_subsidy",
      "city_run_subsidy": "city_run_subsidy",
      "other_run_subsidy": "other_run_subsidy",
      "services_charges_wh_start": "services_charges_wh_start",
      "services_charges_sdsn_start": "services_charges_sdsn_start",
      "services_charges_zdsn_start": "services_charges_zdsn_start",
      "services_charges_zd_start": "services_charges_zd_start",
      "services_charges_wh_end": "services_charges_wh_end",
      "services_charges_sdsn_end": "services_charges_sdsn_end",
      "services_charges_zdsn_end": "services_charges_zdsn_end",
      "services_charges_zd_end": "services_charges_zd_end",
      "predict_bulid_date": "predict_bulid_date",
      "operate_organ_name": "operate_organ_name"
    },
    "targetDatabase": "civil_admin_aq"
  }
}