{
  "institution_plus": {
    "primaryKey": {
      "id": "id",
      "clientId": "'6045b8e82d8ec86e9263ae14'"
    },
    "data": {
      "id": "id",
      "clientId": "'6045b8e82d8ec86e9263ae14'",
      "institution_id": "institution_id",
      "prne_number": "prne_number",
      "is_helpmeal": "is_helpmeal",
      "floor_number": "floor_number",
      "entertainment_type": "entertainment_type",
      "entertainment_area": "entertainment_area",
      "culturalactivity_type": "culturalactivity_type",
      "culturalactivity_area": "culturalactivity_area",
      "psycou_type": "psycou_type",
      "psycou_area": "psycou_area",
      "healcare_type": "healcare_type",
      "healcare_area": "healcare_area",
      "lifecare_type": "lifecare_type",
      "lifecare_area": "lifecare_area",
      "helpmeal_type": "helpmeal_type",
      "helpmeal_area": "helpmeal_area",
      "helpshower_type": "helpshower_type",
      "helpshower_area": "helpshower_area",
      "haircut_type": "haircut_type",
      "haircut_area": "haircut_area",
      "washclothe_type": "washclothe_type",
      "washclothe_area": "washclothe_area",
      "is_social": "is_social",
      "social_depart": "social_depart",
      "operation_date": "operation_date",
      "operation_start_date": "operation_start_date",
      "operation_end_date": "operation_end_date",
      "is_elevator": "is_elevator",
      "use_area": "use_area",
      "delflag": "delflag",
      "community_nature": "community_nature",
      "institution_star": "institution_star",
      "evaluate_time": "evaluate_time",
      "food_qualified_num": "food_qualified_num",
      "fire_control_num": "fire_control_num",
      "old_institution_name": "old_institution_name",
      "old_build_area": "old_build_area",
      "change_time": "change_time"
    },
    "targetDatabase": "civil_admin_aq"
  }
}