{
  "monitor": {
    "primaryKey": {
      "id": "id"
    },
    "data": {
      "id": "id",
      "clientId": "'6045b8e82d8ec86e9263ae14'",
      "institution_id": "institution_id",
      "camera_location": "camera_location",
      "camera_ip": "camera_ip",
      "camera_type": "camera_type",
      "camera_login_username": "camera_login_username",
      "camera_login_password": "camera_login_password",
      "is_del": "is_del",
      "is_zj": "is_zj",
      "camera_source": "camera_source",
      "camera_address": "camera_address",
      "is_show": "is_show",
      "camera_uuid": "camera_uuid"
    },
    "targetDatabase": "civil_admin_aq"
  }
}