{
  "nurse_record": {
    "primaryKey": {
      "id": "id",
      "clientId": "'6045b8e82d8ec86e9263ae14'"
    },
    "data": {
      "id": "id",
      "clientId": "'6045b8e82d8ec86e9263ae14'",
      "elder_name": "elder_name",
      "person_id": "person_id",
      "emp_name": "emp_name",
      "emp_id": "emp_id",
      "nurse_project": "nurse_project",
      "nurse_project_id": "nurse_project_id",
      "nurser_time": "nurser_time",
      "institution_id": "institution_id",
      "delflag": "delflag",
      "create_time": "create_time",
      "update_time": "update_time",
      "remark": "remark",
      "team_id": "team_id",
      "task_type": "task_type",
      "person_nurse_id": "person_nurse_id",
      "child_project_ids": "child_project_ids",
      "type": "type",
      "min": "min",
      "child_project_pics": "child_project_pics",
      "content": "content",
      "nurse_log_pic": "nurse_log_pic"
    },
    "targetDatabase": "civil_admin_aq"
  }
}