{
  "nurse_project": {
    "primaryKey": {
      "id": "id",
      "clientId": "'6045b8e82d8ec86e9263ae14'"
    },
    "data": {
      "id": "id",
      "clientId": "'6045b8e82d8ec86e9263ae14'",
      "name": "name",
      "nurse_type_id": "nurse_type_id",
      "charge_way": "charge_way",
      "price": "price",
      "service_time": "service_time",
      "is_slot_card": "is_slot_card",
      "interval_time": "interval_time",
      "desibe": "desibe",
      "project_pic": "project_pic",
      "institution_id": "institution_id",
      "interval_unit": "interval_unit",
      "delflag": "delflag",
      "create_time": "create_time",
      "update_time": "update_time",
      "date_source": "date_source",
      "xbx_id": "xbx_id",
      "top_project_id": "top_project_id",
      "nurse_img_id": "nurse_img_id",
      "check_flag": "check_flag",
      "put_mall": "put_mall"
    },
    "targetDatabase": "civil_admin_aq"
  }
}