{
  "person_account": {
    "primaryKey": {
      "id": "id",
      "clientId": "'6045b8e82d8ec86e9263ae14'"
    },
    "data": {
      "id": "id",
      "clientId": "'6045b8e82d8ec86e9263ae14'",
      "person_id": "person_id",
      "account_balance": "account_balance",
      "account_type": "account_type",
      "delflag": "delflag",
      "institution_id": "institution_id",
      "create_time": "create_time",
      "update_time": "update_time",
      "creater_id": "creater_id",
      "agency_id": "agency_id"
    },
    "targetDatabase": "civil_admin_aq"
  }
}