{
  "person": {
    "primaryKey": {
      "id": "id",
      "clientId": "'6045b8e82d8ec86e9263ae14'"
    },
    "data": {
      "id": "id",
      "clientId": "'6045b8e82d8ec86e9263ae14'",
      "person_base_id": "person_base_id",
      "institution_id": "institution_id",
      "date_source": "date_source",
      "xbx_id": "xbx_id",
      "settlement_date": "settlement_date",
      "register_date": "register_date",
      "care_level_id": "care_level_id",
      "food_level_id": "food_level_id",
      "bed_id": "bed_id",
      "transactor": "transactor",
      "check_in_time": "check_in_time",
      "leave_transactor": "leave_transactor",
      "leave_time": "leave_time",
      "leave_reason": "leave_reason",
      "evaluate_for_person": "evaluate_for_person",
      "type": "type",
      "this_city": "this_city",
      "check_in_type": "check_in_type",
      "statue": "statue",
      "card_flag": "card_flag",
      "card_no": "card_no",
      "make_time": "make_time",
      "delflag": "delflag",
      "create_time": "create_time",
      "update_time": "update_time",
      "appointment_name": "appointment_name",
      "relation": "relation",
      "oppointment_identity": "oppointment_identity",
      "oppointment_phone": "oppointment_phone",
      "opointment_time": "opointment_time",
      "room_id": "room_id",
      "is_private_room": "is_private_room",
      "leave_type": "leave_type",
      "try_begin_date": "try_begin_date",
      "try_end_date": "try_end_date",
      "try_fee": "try_fee",
      "team_id": "team_id",
      "is_settlement": "is_settlement",
      "food_price": "food_price",
      "bed_price": "bed_price",
      "nurse_price": "nurse_price",
      "person_type": "person_type",
      "settlement_balance": "settlement_balance",
      "evaluate_statue": "evaluate_statue",
      "is_guarantees": "is_guarantees",
      "agency_id": "agency_id",
      "public_person_id": "public_person_id",
      "service_state": "service_state",
      "joru_type": "joru_type",
      "attachment": "attachment",
      "identity_accessory": "identity_accessory",
      "addresss_accessory": "addresss_accessory",
      "subsidy_id": "subsidy_id",
      "is_xj": "is_xj",
      "is_smoke": "is_smoke",
      "is_long_term_care": "is_long_term_care",
      "three_evaluate_level": "three_evaluate_level",
      "ltc_subsidy_standard": "ltc_subsidy_standard",
      "is_outpatient": "is_outpatient",
      "medical_record_number": "medical_record_number",
      "review_status": "review_status",
      "mall_member_id": "mall_member_id",
      "diagnose_category": "diagnose_category",
      "diagnose_ids": "diagnose_ids",
      "diagnose_names": "diagnose_names",
      "diagnose_time": "diagnose_time",
      "orderState": "orderState",
      "face_data": "face_data",
      "face_width": "face_width",
      "face_height": "face_height",
      "face_seq": "face_seq",
      "new_care_level_id": "new_care_level_id",
      "support_call_review": "support_call_review",
      "out_limit": "out_limit",
      "bill_date": "bill_date",
      "mental_state": "mental_state",
      "social_or_difficulty": "social_or_difficulty",
      "census_type": "census_type",
      "file_number": "file_number",
      "receipt_accessory": "receipt_accessory",
      "attachment2": "attachment2",
      "attachment3": "attachment3",
      "attachment4": "attachment4",
      "attachment_leave": "attachment_leave",
      "is_jdlk": "is_jdlk",
      "has_monitor": "has_monitor",
      "eval_update_time": "eval_update_time",
      "approval_kh": "approval_kh",
      "approval_person": "approval_person",
      "approval_kh_time": "approval_kh_time",
      "kh_remark": "kh_remark",
      "last_pg_date": "last_pg_date"
    },
    "targetDatabase": "civil_admin_aq"
  }
}