{
  "person_sign_hardware": {
    "primaryKey": {
      "id": "id",
      "client_id": "'6045b8e82d8ec86e9263ae14'"
    },
    "data": {
      "id": "id",
      "client_id": "'6045b8e82d8ec86e9263ae14'",
      "home_person_bed_id": "home_person_bed_id",
      "institution_id": "institution_id",
      "employee_id": "employee_id",
      "hardware_id": "hardware_id",
      "hardware_name": "hardware_name",
      "trade_mark": "trade_mark",
      "img_url": "img_url",
      "price": "price",
      "num": "num",
      "code": "code",
      "delflag": "delflag",
      "delete_time": "delete_time",
      "create_time": "create_time",
      "update_time": "update_time"
    },
    "targetDatabase": "civil_admin_aq"
  }
}