{
  "person_base": {
    "primaryKey": {
      "id": "id",
      "clientId": "'6045b8e82d8ec86e9263ae14'"
    },
    "data": {
      "id": "id",
      "clientId": "'6045b8e82d8ec86e9263ae14'",
      "name": "name",
      "identity": "identity",
      "identity_type": "identity_type",
      "date_source": "date_source",
      "xbx_id": "xbx_id",
      "telephone": "telephone",
      "alias_name": "alias_name",
      "gender": "gender",
      "marriage": "marriage",
      "blood_type": "blood_type",
      "ethinc": "ethinc",
      "birthday": "birthday",
      "birthday_type": "birthday_type",
      "political_landscape": "political_landscape",
      "religious_belief": "religious_belief",
      "hobby": "hobby",
      "address": "address",
      "address_region_code": "address_region_code",
      "census_address": "census_address",
      "census_region_code": "census_region_code",
      "portrait_pic": "portrait_pic",
      "person_status": "person_status",
      "three_five_num": "three_five_num",
      "education": "education",
      "labor_capacity": "labor_capacity",
      "home_num": "home_num",
      "support_form": "support_form",
      "source_income": "source_income",
      "support_stander": "support_stander",
      "recuperation_type": "recuperation_type",
      "recuperation_area": "recuperation_area",
      "delflag": "delflag",
      "create_time": "create_time",
      "update_time": "update_time",
      "remark": "remark",
      "offer_type": "offer_type",
      "servic_object_id": "servic_object_id",
      "person_subsidy_type": "person_subsidy_type",
      "age_info": "age_info",
      "fixed_line": "fixed_line",
      "emergency_telephone": "emergency_telephone",
      "shequ": "shequ",
      "external_code": "external_code",
      "is_dead": "is_dead",
      "dead_reason": "dead_reason",
      "service_state": "service_state",
      "type": "type",
      "pos_logt": "pos_logt",
      "pos_lat": "pos_lat",
      "relation_institution_id": "relation_institution_id",
      "person_type": "person_type",
      "precautions": "precautions",
      "this_City": "this_City",
      "name_marks": "name_marks",
      "diabetic_no": "diabetic_no",
      "urn_mrn": "urn_mrn",
      "IHI": "IHI",
      "medicare_no": "medicare_no",
      "exp": "exp",
      "concession_no": "concession_no",
      "repat_no": "repat_no",
      "pharmacy_details": "pharmacy_details",
      "additional_prescriber": "additional_prescriber",
      "general_practitioner": "general_practitioner",
      "social_security_number": "social_security_number",
      "social_security_number_company": "social_security_number_company",
      "original_unit": "original_unit",
      "designated_hospital": "designated_hospital",
      "card_number": "card_number",
      "payment_method": "payment_method",
      "economic_sources": "economic_sources",
      "accommodation": "accommodation",
      "institutional_reasons": "institutional_reasons",
      "open_id": "open_id",
      "source": "source",
      "source_state": "source_state",
      "physical_condition": "physical_condition",
      "work_region_code": "work_region_code",
      "company": "company",
      "income": "income",
      "ccb": "ccb",
      "cert_url": "cert_url",
      "card_url": "card_url",
      "serial_number": "serial_number",
      "union_id": "union_id",
      "professional": "professional",
      "graduation_school": "graduation_school",
      "email": "email",
      "qq": "qq",
      "job": "job",
      "anamnesis": "anamnesis",
      "hobbies": "hobbies",
      "extreme_type": "extreme_type",
      "smart_home_device_number": "smart_home_device_number",
      "is_purpose_sign": "is_purpose_sign"
    },
    "targetDatabase": "civil_admin_aq"
  }
}