{
  "person_type_change_log": {
    "primaryKey": {
      "id": "id"
    },
    "data": {
      "id": "id",
      "client_id": "'6045b8e82d8ec86e9263ae14'",
      "old_type": "old_type",
      "new_type": "new_type",
      "attachment": "attachment",
      "memo": "memo",
      "person_id": "person_id",
      "emp_id": "emp_id",
      "change_date": "change_date",
      "delflag": "delflag",
      "create_time": "create_time",
      "update_time": "update_time"
    },
    "targetDatabase": "civil_admin_aq"
  }
}