{
  "person_bed_bind": {
    "primaryKey": {
      "id": "id",
      "clientId": "'6045b8e82d8ec86e9263ae14'"
    },
    "data": {
      "id": "id",
      "clientId": "'6045b8e82d8ec86e9263ae14'",
      "bed_id": "bed_id",
      "person_id": "person_id",
      "is_cloud": "is_cloud",
      "custod_time_start": "custod_time_start",
      "custod_time_end": "custod_time_end",
      "breathe_range_low": "breathe_range_low",
      "breathe_range_high": "breathe_range_high",
      "heart_range_low": "heart_range_low",
      "heart_range_high": "heart_range_high",
      "is_turn_over": "is_turn_over",
      "turn_over_time": "turn_over_time",
      "leave_bed_time": "leave_bed_time",
      "move_time": "move_time",
      "institution_id": "institution_id",
      "delflag": "delflag",
      "create_time": "create_time",
      "update_time": "update_time",
      "mattress_id": "mattress_id",
      "device_type": "device_type"
    },
    "targetDatabase": "civil_admin_aq"
  }
}