{
  "room": {
    "primaryKey": {
      "id": "id",
      "clientId": "'6045b8e82d8ec86e9263ae14'"
    },
    "data": {
      "id": "id",
      "clientId": "'6045b8e82d8ec86e9263ae14'",
      "name": "name",
      "full_name": "full_name",
      "area": "area",
      "sorting": "sorting",
      "type_id": "type_id",
      "orientation": "orientation",
      "lighting": "lighting",
      "air": "air",
      "building_id": "building_id",
      "floor_id": "floor_id",
      "instituton_id": "instituton_id",
      "delflag": "delflag",
      "create_time": "create_time",
      "update_time": "update_time",
      "is_private_room": "is_private_room",
      "card_flag": "card_flag",
      "card_no": "card_no",
      "date_source": "date_source",
      "xbx_id": "xbx_id",
      "code": "code",
      "ward_id": "ward_id",
      "statue": "statue",
      "function": "function",
      "real_area": "real_area",
      "house_type": "house_type",
      "structure": "structure",
      "room_number": "room_number"
    },
    "targetDatabase": "civil_admin_aq"
  }
}