{
  "security_incidents": {
    "primaryKey": {
      "id": "id",
      "client_id": "'6045b8e82d8ec86e9263ae14'"
    },
    "data": {
      "id": "id",
      "client_id": "'6045b8e82d8ec86e9263ae14'",
      "institution_id": "institution_id",
      "institution_name": "institution_name",
      "institution_type": "institution_type",
      "institution_region_code": "institution_region_code",
      "event_type": "event_type",
      "event_name": "event_name",
      "security_level": "security_level",
      "happen_time": "happen_time",
      "deal_status": "deal_status",
      "deal_memo": "deal_memo",
      "deal_img_enclosure": "deal_img_enclosure",
      "deal_file_enclosure": "deal_file_enclosure",
      "deal_time": "deal_time",
      "deal_person_id": "deal_person_id",
      "deal_person_name": "deal_person_name",
      "create_time": "create_time",
      "update_time": "update_time",
      "delflag": "delflag"
    },
    "targetDatabase": "civil_admin_aq"
  }
}