{
  "security_inspect_assest_relation": {
    "primaryKey": {
      "id": "id",
      "clientId": "'6045b8e82d8ec86e9263ae14'"
    },
    "data": {
      "id": "id",
      "clientId": "'6045b8e82d8ec86e9263ae14'",
      "security_inspect_plan_id": "security_inspect_plan_id",
      "assest_id": "assest_id",
      "reg_person_id": "reg_person_id",
      "register_time": "register_time",
      "institution_id": "institution_id",
      "delflag": "delflag",
      "create_time": "create_time",
      "update_time": "update_time"
    },
    "targetDatabase": "civil_admin_aq"
  }
}