{
  "security_inspect_register": {
    "primaryKey": {
      "id": "id",
      "clientId": "'6045b8e82d8ec86e9263ae14'"
    },
    "data": {
      "id": "id",
      "clientId": "'6045b8e82d8ec86e9263ae14'",
      "security_inspect_plan_id": "security_inspect_plan_id",
      "employee_id": "employee_id",
      "assest_id": "assest_id",
      "work_date": "work_date",
      "work_time": "work_time",
      "plan_time": "plan_time",
      "relationt_time_id": "relationt_time_id",
      "relationt_assest_id": "relationt_assest_id",
      "relationt_employee_id": "relationt_employee_id",
      "belong_to": "belong_to",
      "remark": "remark",
      "assest_state": "assest_state",
      "abnormal_text": "abnormal_text",
      "institution_id": "institution_id",
      "delflag": "delflag",
      "create_time": "create_time",
      "update_time": "update_time",
      "is_repeat": "is_repeat"
    },
    "targetDatabase": "civil_admin_aq"
  }
}