{
  "security_inspect_plan": {
    "primaryKey": {
      "id": "id",
      "clientId": "'6045b8e82d8ec86e9263ae14'"
    },
    "data": {
      "id": "id",
      "clientId": "'6045b8e82d8ec86e9263ae14'",
      "inspect_name": "inspect_name",
      "inspect_date": "inspect_date",
      "time_choice_state": "time_choice_state",
      "assest_choice_state": "assest_choice_state",
      "remark": "remark",
      "reg_person_id": "reg_person_id",
      "register_time": "register_time",
      "institution_id": "institution_id",
      "delflag": "delflag",
      "create_time": "create_time",
      "update_time": "update_time",
      "time_type": "time_type"
    },
    "targetDatabase": "civil_admin_aq"
  }
}