{
  "subsidy_standards": {
    "primaryKey": {
      "id": "id",
      "clientId": "'6045b8e82d8ec86e9263ae14'"
    },
    "data": {
      "id": "id",
      "clientId": "'6045b8e82d8ec86e9263ae14'",
      "name": "name",
      "alias": "alias",
      "money": "money",
      "service_hour": "service_hour",
      "region_code": "region_code",
      "institution_id": "institution_id",
      "updater_id": "updater_id",
      "creater_id": "creater_id",
      "remark": "remark",
      "delflag": "delflag",
      "create_time": "create_time",
      "update_time": "update_time"
    },
    "targetDatabase": "civil_admin_aq"
  }
}