{
  "volunteer_institution": {
    "primaryKey": {
      "id": "id"
    },
    "data": {
      "id": "id",
      "clientId": "'6045b8e82d8ec86e9263ae14'",
      "volunteer_id": "volunteer_id",
      "institution_id": "institution_id",
      "audit_status": "audit_status",
      "delflag": "delflag",
      "create_time": "create_time",
      "update_time": "update_time",
      "regist_type": "regist_type",
      "remark": "remark",
      "reject_type": "reject_type",
      "service_type": "service_type",
      "integral": "integral",
      "service_count_time": "service_count_time"
    },
    "targetDatabase": "civil_admin_aq"
  }
}