{
  "volunteer": {
    "primaryKey": {
      "id": "id"
    },
    "data": {
      "id": "id",
      "clientId": "'6045b8e82d8ec86e9263ae14'",
      "name": "name",
      "wechat_id": "wechat_id",
      "regist_type": "regist_type",
      "audit_status": "audit_status",
      "phone": "phone",
      "identity": "identity",
      "birth_date": "birth_date",
      "age": "age",
      "gender": "gender",
      "nationality": "nationality",
      "education": "education",
      "service_intention": "service_intention",
      "service_area": "service_area",
      "volunteer_number": "volunteer_number",
      "regist_institution": "regist_institution",
      "regist_date": "regist_date",
      "graduate_school": "graduate_school",
      "occupation": "occupation",
      "email": "email",
      "qq": "qq",
      "speciality": "speciality",
      "hobby": "hobby",
      "address_region_code": "address_region_code",
      "detailed_address": "detailed_address",
      "remark": "remark",
      "delflag": "delflag",
      "create_time": "create_time",
      "update_time": "update_time",
      "head_pic": "head_pic",
      "service_time": "service_time",
      "integral": "integral",
      "service_count_time": "service_count_time",
      "address": "address",
      "privatekey": "privatekey",
      "publickey": "publickey",
      "service_type": "service_type",
      "open_id": "open_id",
      "source": "source",
      "ccb": "ccb",
      "cert_url": "cert_url",
      "card_url": "card_url",
      "union_id": "union_id"
    },
    "targetDatabase": "civil_admin_aq"
  }
}