{
  "watch_bind": {
    "primaryKey": {
      "id": "id",
      "clientId": "'6045b8e82d8ec86e9263ae14'"
    },
    "data": {
      "id": "id",
      "clientId": "'6045b8e82d8ec86e9263ae14'",
      "person_id": "person_id",
      "imei": "imei",
      "sos_tel": "sos_tel",
      "sim_tel": "sim_tel",
      "watch_type": "watch_type",
      "bind_time": "bind_time",
      "institution_id": "institution_id",
      "delflag": "delflag",
      "create_time": "create_time",
      "update_time": "update_time"
    },
    "targetDatabase": "civil_admin_aq"
  }
}