{
  "xex_home_service_object_gov": {
    "primaryKey": {
      "id": "id",
      "clientId": "'6045b8e82d8ec86e9263ae14'"
    },
    "data": {
      "service_object_id": "service_object_id",
      "older_type_id": "older_type_id",
      "quantity": "quantity",
      "unit": "unit",
      "planed": "planed",
      "serviced": "serviced",
      "effect_date": "effect_date",
      "expiry_date": "expiry_date",
      "create_time": "create_time",
      "update_time": "update_time",
      "region_id": "region_id",
      "money": "money",
      "hour": "hour",
      "remain": "remain",
      "data_source": "data_source",
      "subsidy_per_month": "subsidy_per_month",
      "id": "id",
      "clientId": "'6045b8e82d8ec86e9263ae14'"
    },
    "targetDatabase": "civil_admin_aq"
  }
}