{
  "xex_order_video": {
    "primaryKey": {
      "id": "id",
      "client_id": "'6045b8e82d8ec86e9263ae14'"
    },
    "data": {
      "id": "id",
      "client_id": "'6045b8e82d8ec86e9263ae14'",
      "order_id": "order_id",
      "institution_id": "institution_id",
      "name": "name",
      "code": "code",
      "path": "path",
      "status": "status",
      "size": "size",
      "start_time": "start_time",
      "end_time": "end_time",
      "sort": "sort",
      "delflag": "delflag",
      "delete_time": "delete_time",
      "create_time": "create_time",
      "update_time": "update_time"
    },
    "targetDatabase": "civil_admin_aq"
  }
}