{
  "xp86_ite_assess_template": {
    "primaryKey": {
      "template_id": "template_id"
    },
    "data": {
      "template_id": "template_id",
      "belong_user": "belong_user",
      "create_user": "create_user",
      "template_name": "template_name",
      "template_stander": "template_stander",
      "site_demand": "site_demand",
      "template_status": "template_status",
      "start_time": "start_time",
      "end_time": "end_time",
      "remark": "remark",
      "passing_score": "passing_score",
      "isvalidate": "isvalidate"
    },
    "targetDatabase": "civil_admin_aq"
  }
}