{
  "xp86_dep_employee": {
    "primaryKey": {
      "employee_id": "employee_id"
    },
    "data": {
      "employee_id": "employee_id",
      "department_id": "department_id",
      "education_code": "education_code",
      "sex_code": "sex_code",
      "sign_id": "sign_id",
      "employee_name": "employee_name",
      "employee_number": "employee_number",
      "employee_birthday": "employee_birthday",
      "phone": "phone",
      "entry_time": "entry_time",
      "isvalidate": "isvalidate"
    },
    "targetDatabase": "civil_admin_aq"
  }
}