{
  "xp86_dep_department": {
    "primaryKey": {
      "department_id": "department_id"
    },
    "data": {
      "department_id": "department_id",
      "belong_to": "belong_to",
      "region_code": "region_code",
      "department_name": "department_name",
      "department_full_name": "department_full_name",
      "department_code": "department_code",
      "legal_person": "legal_person",
      "contact_number": "contact_number",
      "contact_address": "contact_address",
      "zip_code": "zip_code",
      "sign_id": "sign_id",
      "e_mail": "e_mail",
      "wallet": "wallet",
      "islimited": "islimited",
      "default_rate": "default_rate",
      "isvalidate": "isvalidate"
    },
    "targetDatabase": "civil_admin_aq"
  }
}