{
  "xp86_nur_institution": {
    "primaryKey": {
      "institution_id": "institution_id"
    },
    "data": {
      "institution_id": "institution_id",
      "belong_to": "belong_to",
      "region_code": "region_code",
      "institution_name": "institution_name",
      "institution_full_name": "institution_full_name",
      "institution_code": "institution_code",
      "legal_person": "legal_person",
      "contact_number": "contact_number",
      "contact_address": "contact_address",
      "zip_code": "zip_code",
      "e_mail": "e_mail",
      "create_time": "create_time",
      "isvalidate": "isvalidate"
    },
    "targetDatabase": "civil_admin_aq"
  }
}